﻿#,Player,Country,Team,Assists
1,Nani,Portugal, Manchester United,17
2,Cesc Fàbregas,Spain, Arsenal FC,14
,Didier Drogba,Ivory Coast, Chelsea FC,14
4,Andrey Arshavin,Russia, Arsenal FC,11
,Ashley Young,England, Aston Villa,11
6,Leighton Baines,England, Everton FC,10
,Chris Brunt,Northern Ireland, West Bromwich Albion,10
,Wayne Rooney,England, Manchester United,10
9,Joey Barton,England, Newcastle United,9
,Rafael van der Vaart,Netherlands, Tottenham Hotspur,9
11,Charlie Adam,Scotland, Blackpool FC,8
,Peter Crouch,England, Tottenham Hotspur,8
,David Silva,Spain, Manchester City,8
14,Andy Carroll,England, Liverpool FC,7
,,, Newcastle United,
,Stewart Downing,England, Aston Villa,7
,Matthew Etherington,England, Stoke City,7
,Ryan Giggs,Wales, Manchester United,7
,Matthew Jarvis,England, Wolverhampton Wanderers,7
,Cameron Jerome,England, Birmingham City,7
,Dirk Kuyt,Netherlands, Liverpool FC,7
,Sebastian Larsson,Sweden, Birmingham City,7
,Charles N'Zogbia,France, Wigan Athletic,7
,Peter Odemwingie,Nigeria, West Bromwich Albion,7
,Jermaine Pennant,England, Stoke City,7
,Robin van Persie,Netherlands, Arsenal FC,7
,Bobby Zamora,England, Fulham FC,7
27,Shola Ameobi,Nigeria, Newcastle United,6
,Kevin Davies,England, Bolton Wanderers,6
,Darren Fletcher,Scotland, Manchester United,6
,Chung-yong Lee,South Korea, Bolton Wanderers,6
,James Milner,England, Aston Villa,6
,,, Manchester City,
,Morten Gamst Pedersen,Norway, Blackburn Rovers,6
,Raúl Meireles,Portugal, Liverpool FC,6
,Steven Reid,Ireland, West Bromwich Albion,6
,Carlos Tévez,Argentina, Manchester City,6
,Jerome Thomas,England, West Bromwich Albion,6
,Theo Walcott,England, Arsenal FC,6
38,Marc Albrighton,England, Aston Villa,5
,Kevin Doyle,Ireland, Wolverhampton Wanderers,5
,Johan Elmander,Sweden, Bolton Wanderers,5
,Fernando Torres,Spain, Chelsea FC,5
,,, Liverpool FC,
,Steven Gerrard,England, Liverpool FC,5
,Adam Johnson,England, Manchester City,5
,Leon Osman,England, Everton FC,5
,Martin Petrov,Bulgaria, Bolton Wanderers,5
,Frédéric Piquionne,Martinique, West Ham United,5
,Gary Taylor-Fletcher,England, Blackpool FC,5
48,Nicolas Anelka,France, Chelsea FC,4
,Dimitar Berbatov,Bulgaria, Manchester United,4
,Tim Cahill,Australia, Everton FC,4
,Marouane Chamakh,Morocco, Arsenal FC,4
,Ashley Cole,England, Chelsea FC,4
,Simon Davies,Wales, Fulham FC,4
,Brett Emerton,Australia, Blackburn Rovers,4
,Elliot Grandin,France, Blackpool FC,4
,Jonás Gutiérrez,Argentina, Newcastle United,4
,Asamoah Gyan,Ghana, Sunderland AFC,4
,Thomas Hitzlsperger,Germany, West Ham United,4
,Branislav Ivanović,Serbia, Chelsea FC,4
,Frank Lampard,England, Chelsea FC,4
,Peter Løvenkrands,Denmark, Newcastle United,4
,Florent Malouda,French Guyana, Chelsea FC,4
,Mikel Arteta,Spain, Everton FC,4
,Nenad Milijaš,Serbia, Wolverhampton Wanderers,4
,Danny Murphy,England, Fulham FC,4
,Victor Obinna,Nigeria, West Ham United,4
,Roman Pavlyuchenko,Russia, Tottenham Hotspur,4
,Matt Phillips,Scotland, Blackpool FC,4
,Jason Roberts,Grenada, Blackburn Rovers,4
,Paul Scholes,England, Manchester United,4
,Luis Suárez,Uruguay, Liverpool FC,4
,Matthew Taylor,England, Bolton Wanderers,4
,Nikola Žigić,Serbia, Birmingham City,4
74,Anderson,Brazil, Manchester United,3
,Gareth Barry,England, Manchester City,3
,Mark Davies,England, Bolton Wanderers,3
,Mousa Dembélé,Belgium, Fulham FC,3
,Clint Dempsey,USA, Fulham FC,3
,Franco Di Santo,Argentina, Wigan Athletic,3
,Abou Diaby,France, Arsenal FC,3
,El-Hadji Diouf,Senegal, Blackburn Rovers,3
,Michael Essien,Ghana, Chelsea FC,3
,Ian Evatt,England, Blackpool FC,3
,Steven Fletcher,Scotland, Wolverhampton Wanderers,3
,Jordan Henderson,England, Sunderland AFC,3
,Robert Huth,Germany, Stoke City,3
,Andy Johnson,England, Fulham FC,3
,Salomon Kalou,Ivory Coast, Chelsea FC,3
,Steed Malbranque,France, Sunderland AFC,3
,James Morrison,Scotland, West Bromwich Albion,3
,Victor Moses,Nigeria, Wigan Athletic,3
,Ryan Nelsen,New Zealand, Blackburn Rovers,3
,Mark Noble,England, West Ham United,3
,John O'Shea,Ireland, Manchester United,3
,Jonas Olsson,Sweden, West Bromwich Albion,3
,Ji-Sung Park,South Korea, Manchester United,3
,Kieran Richardson,England, Sunderland AFC,3
,Bacary Sagna,France, Arsenal FC,3
,Yaya Touré,Ivory Coast, Manchester City,3
,Luke Varney,England, Blackpool FC,3
,Kyle Walker,England, Aston Villa,3
,,, Tottenham Hotspur,
,Jon Walters,Ireland, Stoke City,3
,Jack Wilshere,England, Arsenal FC,3
,Boudewijn Zenden,Netherlands, Sunderland AFC,3
105,Gareth Bale,Wales, Tottenham Hotspur,2
,Phil Bardsley,Scotland, Sunderland AFC,2
,James Beattie,England, Blackpool FC,2
,Jermaine Beckford,Jamaica, Everton FC,2
,Nicklas Bendtner,Denmark, Arsenal FC,2
,Darren Bent,England, Aston Villa,2
,,, Sunderland AFC,
,Diniyar Bilyaletdinov,Russia, Everton FC,2
,Boa Morte,Portugal, West Ham United,2
,Emmerson Boyce,Barbados, Wigan Athletic,2
,Wayne Bridge,England, Manchester City,2
,,, West Ham United,
,DJ Campbell,England, Blackpool FC,2
,Tom Cleverley,England, Wigan Athletic,2
,Carlton Cole,England, West Ham United,2
,Séamus Coleman,Ireland, Everton FC,2
,Jermain Defoe,England, Tottenham Hotspur,2
,Mame Diouf,Senegal, Blackburn Rovers,2
,Damien Duff,Ireland, Fulham FC,2
,Edin Džeko,Bosnia-Herzegovina, Manchester City,2
,Sylvain Ebanks-Blake,England, Wolverhampton Wanderers,2
,Ahmed Elmohamady,Egypt, Sunderland AFC,2
,Dickson Etuhu,Nigeria, Fulham FC,2
,Patrice Evra,France, Manchester United,2
,Maynor Figueroa,Honduras, Wigan Athletic,2
,Kevin Foley,Ireland, Wolverhampton Wanderers,2
,Ricardo Fuller,Jamaica, Stoke City,2
,Jonathan Greening,England, Fulham FC,2
,Aliaksandr Hleb,Belarus, Birmingham City,2
,Stuart Holden,USA, Bolton Wanderers,2
,Tom Huddlestone,England, Tottenham Hotspur,2
,Stephen Hunt,Ireland, Wolverhampton Wanderers,2
,Glen Johnson,England, Liverpool FC,2
,José Enrique,Spain, Newcastle United,2
,Aaron Lennon,England, Tottenham Hotspur,2
,Lucas Leiva,Brazil, Liverpool FC,2
,Míchel Salgado,Spain, Blackburn Rovers,2
,Luka Modrić,Croatia, Tottenham Hotspur,2
,Sulley Ali Muntari,Ghana, Sunderland AFC,2
,Kevin Nolan,England, Newcastle United,2
,John Mikel Obi,Nigeria, Chelsea FC,2
,Nedum Onuoha,England, Sunderland AFC,2
,Scott Parker,England, West Ham United,2
,Paulo Ferreira,Portugal, Chelsea FC,2
,Stilian Petrov,Bulgaria, Aston Villa,2
,Steven Pienaar,South Africa, Everton FC,2
,,, Tottenham Hotspur,
,Paul Robinson,England, Blackburn Rovers,2
,Danny Rose,England, Tottenham Hotspur,2
,Louis Saha,France, Everton FC,2
,Carlos Salcido,Mexico, Fulham FC,2
,Tuncay Şanlı,Turkey, Stoke City,2
,Stéphane Sessègnon,Benin, Sunderland AFC,2
,Steven Sidwell,England, Aston Villa,2
,,, Fulham FC,
,Alex Song,Cameroon, Arsenal FC,2
,David Vaughan,Wales, Blackpool FC,2
,Stephen Warnock,England, Aston Villa,2
,Glenn Whelan,Ireland, Stoke City,2
,Mike Williamson,England, Newcastle United,2
,Pablo Zabaleta,Argentina, Manchester City,2
,Yuriy Zhirkov,Russia, Chelsea FC,2
163,Gabriel Agbonlahor,England, Aston Villa,1
,Ali Al Habsi,Oman, Wigan Athletic,1
,Yakubu Ayegbeni,Nigeria, Everton FC,1
,Chris Baird,Northern Ireland, Fulham FC,1
,Mario Balotelli,Italy, Manchester City,1
,Barry Bannan,Scotland, Aston Villa,1
,Tal Ben Haim,Israel, West Ham United,1
,David Bentley,England, Birmingham City,1
,,, Tottenham Hotspur,
,Christophe Berra,Scotland, Wolverhampton Wanderers,1
,Ryan Bertrand,England, Chelsea FC,1
,Lee Bowyer,England, Birmingham City,1
,Gary Cahill,England, Bolton Wanderers,1
,Gary Caldwell,Scotland, Wigan Athletic,1
,John Carew,Norway, Aston Villa,1
,,, Stoke City,
,Carlos Cuéllar,Spain, Aston Villa,1
,Marek Čech,Slovakia, West Bromwich Albion,1
,Petr Čech,Czech Republic, Chelsea FC,1
,Gaël Clichy,France, Arsenal FC,1
,Joe Cole,England, Liverpool FC,1
,Vedran Ćorluka,Croatia, Tottenham Hotspur,1
,Simon Cox,Ireland, West Bromwich Albion,1
,Scott Dann,England, Birmingham City,1
,Rory Delap,Ireland, Stoke City,1
,Momo Diamé,Senegal, Wigan Athletic,1
,Graham Dorrans,Scotland, West Bromwich Albion,1
,David Dunn,England, Blackburn Rovers,1
,Richard Dunne,Ireland, Aston Villa,1
,George Elokobi,Cameroon, Wolverhampton Wanderers,1
,Łukasz Fabiański,Poland, Arsenal FC,1
,Keith Fahey,Ireland, Birmingham City,1
,Marouane Fellaini,Belgium, Everton FC,1
,Marc-Antoine Fortuné,France, West Bromwich Albion,1
,Ricardo Gardner,Jamaica, Bolton Wanderers,1
,Zoltán Gera,Hungary, Fulham FC,1
,Darron Gibson,Ireland, Manchester United,1
,Steve Gohouri,Ivory Coast, Wigan Athletic,1
,Eiður Guðjohnsen,Iceland, Fulham FC,1
,,, Stoke City,
,Adlène Guédioura,Algeria, Wolverhampton Wanderers,1
,Magaye Gueye,Senegal, Everton FC,1
,Danny Guthrie,England, Newcastle United,1
,Adam Hammill,England, Wolverhampton Wanderers,1
,Brede Hangeland,Norway, Fulham FC,1
,Marlon Harewood,England, Blackpool FC,1
,Karl Henry,England, Wolverhampton Wanderers,1
,Javier Hernández,Mexico, Manchester United,1
,Emile Heskey,England, Aston Villa,1
,Junior Hoilett,Canada, Blackburn Rovers,1
,Alan Hutton,Scotland, Tottenham Hotspur,1
,Gonzalo Jara,Chile, West Bromwich Albion,1
,Jermaine Jenas,England, Tottenham Hotspur,1
,Martin Jiránek,Czech Republic, Birmingham City,1
,Roger Johnson,England, Birmingham City,1
,Younès Kaboul,France, Tottenham Hotspur,1
,Nikola Kalinić,Croatia, Blackburn Rovers,1
,Robbie Keane,Ireland, Tottenham Hotspur,1
,,, West Ham United,
,Martin Kelly,England, Liverpool FC,1
,Ivan Klasnić,Croatia, Bolton Wanderers,1
,Vincent Kompany,Belgium, Manchester City,1
,Paul Konchesky,England, Fulham FC,1
,,, Liverpool FC,
,Sotirios Kyrgiakos,Greece, Liverpool FC,1
,Joleon Lescott,England, Manchester City,1
,Javier Mascherano,Argentina, Liverpool FC,1
,James McCarthy,Ireland, Wigan Athletic,1
,James McFadden,Scotland, Birmingham City,1
,John Mensah,Ghana, Sunderland AFC,1
,Josh Morris,England, Blackburn Rovers,1
,Fabrice Muamba,England, Bolton Wanderers,1
,Geoffrey Mujangi Bia,Belgium, Wolverhampton Wanderers,1
,David Murphy,England, Birmingham City,1
,Jordon Mutch,England, Birmingham City,1
,David N'Gog,France, Liverpool FC,1
,Samir Nasri,France, Arsenal FC,1
,Phil Neville,England, Everton FC,1
,Jamie O'Hara,England, Wolverhampton Wanderers,1
,Gary O'Neil,England, West Ham United,1
,Martin Olsson,Sweden, Blackburn Rovers,1
,Brett Ormerod,England, Blackpool FC,1
,Rafael,Brazil, Manchester United,1
,Nile Ranger,England, Newcastle United,1
,Micah Richards,England, Manchester City,1
,Hugo Rodallega,Colombia, Wigan Athletic,1
,Rodrigo,Spain, Bolton Wanderers,1
,Jack Rodwell,England, Everton FC,1
,Tomáš Rosický,Czech Republic, Arsenal FC,1
,Wayne Routledge,England, Newcastle United,1
,Paul Scharner,Austria, West Bromwich Albion,1
,Jonjo Shelvey,England, Liverpool FC,1
,Nicky Shorey,England, West Bromwich Albion,1
,Martin Škrtel,Slovakia, Liverpool FC,1
,Jay Spearing,England, Liverpool FC,1
,Jonathan Spector,USA, West Ham United,1
,Ludovic Sylvestre,France, Blackpool FC,1
,Ryan Taylor,England, Newcastle United,1
,Steven Taylor,England, Newcastle United,1
,Somen Tchoyi,Cameroon, West Bromwich Albion,1
,John Terry,England, Chelsea FC,1
,Cheick Tioté,Ivory Coast, Newcastle United,1
,James Tomkins,England, West Ham United,1
,Antonio Valencia,Ecuador, Manchester United,1
,Jelle Van Damme,Belgium, Wolverhampton Wanderers,1
,Edwin van der Sar,Netherlands, Manchester United,1
,Carlos Vela,Mexico, Arsenal FC,1
,,, West Bromwich Albion,
,Thomas Vermaelen,Belgium, Arsenal FC,1
,Nemanja Vidić,Serbia, Manchester United,1
,Patrick Vieira,France, Manchester City,1
,Stephen Ward,Ireland, Wolverhampton Wanderers,1
,Ben Watson,England, Wigan Athletic,1
,Danny Welbeck,England, Sunderland AFC,1
,Dean Whitehead,England, Stoke City,1
,Andy Wilkinson,England, Stoke City,1
,Marc Wilson,Ireland, Stoke City,1
,Francisco Xisco,Spain, Newcastle United,1
,Luke Young,England, Aston Villa,1
