﻿#,Player,Country,Team,Assists
1,Mesut Özil,Germany, Arsenal FC,19
2,Christian Eriksen,Denmark, Tottenham Hotspur,13
3,Riyad Mahrez,Algeria, Leicester City,12
,Dimitri Payet,France, West Ham United,12
,Dušan Tadić,Serbia, Southampton FC,12
,Jamie Vardy,England, Leicester City,12
7,David Silva,Spain, Manchester City,11
,James Milner,England, Liverpool FC,11
9,Dele Alli,England, Tottenham Hotspur,10
10,Ross Barkley,England, Everton FC,9
,Kevin De Bruyne,Belgium, Manchester City,9
,Érik Lamela,Argentina, Tottenham Hotspur,9
,Moussa Sissoko,France, Newcastle United,9
14,Troy Deeney,England, Watford FC,8
,Danny Drinkwater,England, Leicester City,8
,Gerard Deulofeu,Spain, Everton FC,8
,Wes Hoolahan,Ireland, Norwich City,8
,Jesús Navas,Spain, Manchester City,8
,Willian,Brazil, Chelsea FC,8
20,Marko Arnautović,Austria, Stoke City,7
,Cesc Fàbregas,Spain, Chelsea FC,7
,Romelu Lukaku,Belgium, Everton FC,7
,Sadio Mané,Senegal, Southampton FC,7
,Graziano Pellè,Italy, Southampton FC,7
,Roberto Firmino,Brazil, Liverpool FC,7
26,Marc Albrighton,England, Leicester City,6
,Diego Costa,Spain, Chelsea FC,6
,Olivier Giroud,France, Arsenal FC,6
,Adam Johnson,England, Sunderland AFC,6
,Adam Lallana,England, Liverpool FC,6
,Matt Ritchie,Scotland, AFC Bournemouth,6
,Wayne Rooney,England, Manchester United,6
,Xherdan Shaqiri,Switzerland, Stoke City,6
,Jordan Veretout,France, Aston Villa,6
35,André Ayew,Ghana, Swansea City,5
,Tom Cleverley,England, Everton FC,5
,Coutinho,Brazil, Liverpool FC,5
,Charlie Daniels,England, AFC Bournemouth,5
,Héctor Bellerín,Spain, Arsenal FC,5
,Odion Ighalo,Nigeria, Watford FC,5
,Yann M'Vila,France, Sunderland AFC,5
,Anthony Martial,France, Manchester United,5
,Mata,Spain, Manchester United,5
,Aleksandar Mitrović,Serbia, Newcastle United,5
,Mark Noble,England, West Ham United,5
,Jonjo Shelvey,England, Newcastle United,5
,,, Swansea City,
,Georginio Wijnaldum,Netherlands, Newcastle United,5
48,Alberto Moreno,Spain, Liverpool FC,4
,Michail Antonio,England, West Ham United,4
,Azpilicueta,Spain, Chelsea FC,4
,Christian Benteke,Belgium, Liverpool FC,4
,Ryan Bertrand,England, Southampton FC,4
,Yannick Bolasie,Congo DR, Crystal Palace,4
,Aaron Cresswell,England, West Ham United,4
,Simon Francis,England, AFC Bournemouth,4
,Christian Fuchs,Austria, Leicester City,4
,Jonny Howson,England, Norwich City,4
,Daryl Janmaat,Netherlands, Newcastle United,4
,N'Golo Kanté,France, Leicester City,4
,Aleksandar Kolarov,Serbia, Manchester City,4
,Shane Long,Ireland, Southampton FC,4
,Aaron Ramsey,Wales, Arsenal FC,4
,Danny Rose,England, Tottenham Hotspur,4
,Alexis Sánchez,Chile, Arsenal FC,4
,Yaya Touré,Ivory Coast, Manchester City,4
,James Ward-Prowse,England, Southampton FC,4
,Wilfried Zaha,Ivory Coast, Crystal Palace,4
68,Kun Agüero,Argentina, Manchester City,3
,Ander Herrera,Spain, Manchester United,3
,Vurnon Anita,Netherlands, Newcastle United,3
,Wilfried Bony,Ivory Coast, Manchester City,3
,Fabio Borini,Italy, Sunderland AFC,3
,Chris Brunt,Northern Ireland, West Bromwich Albion,3
,Séamus Coleman,Ireland, Everton FC,3
,Steven Davis,Northern Ireland, Southampton FC,3
,Damien Delaney,Ireland, Crystal Palace,3
,Fernandinho,Brazil, Manchester City,3
,Darren Fletcher,Scotland, West Bromwich Albion,3
,Craig Gardner,England, West Bromwich Albion,3
,Rudy Gestede,Benin, Aston Villa,3
,Max Gradel,Ivory Coast, AFC Bournemouth,3
,Eden Hazard,Belgium, Chelsea FC,3
,Jordan Henderson,England, Liverpool FC,3
,Glen Johnson,England, Stoke City,3
,Harry Kane,England, Tottenham Hotspur,3
,Arouna Koné,Ivory Coast, Everton FC,3
,Cheikhou Kouyaté,Senegal, West Ham United,3
,Jeremain Lens,Netherlands, Sunderland AFC,3
,Nemanja Matić,Serbia, Chelsea FC,3
,James Morrison,Scotland, West Bromwich Albion,3
,Nacho Monreal,Spain, Arsenal FC,3
,Kyle Naughton,England, Swansea City,3
,Sheyi Ojo,England, Liverpool FC,3
,Oscar,Brazil, Chelsea FC,3
,Pedro,Spain, Chelsea FC,3
,Marc Pugh,England, AFC Bournemouth,3
,Jason Puncheon,England, Crystal Palace,3
,Nathan Redmond,England, Norwich City,3
,Bacary Sagna,France, Manchester City,3
,Santi Cazorla,Spain, Arsenal FC,3
,Jeffrey Schlupp,Ghana, Leicester City,3
,Andrew Surman,South Africa, AFC Bournemouth,3
,Antonio Valencia,Ecuador, Manchester United,3
,Patrick van Aanholt,Netherlands, Sunderland AFC,3
,Theo Walcott,England, Arsenal FC,3
,Kyle Walker,England, Tottenham Hotspur,3
,Connor Wickham,England, Crystal Palace,3
108,Ibrahim Afellay,Netherlands, Stoke City,2
,Gabriel Agbonlahor,England, Aston Villa,2
,Toby Alderweireld,Belgium, Tottenham Hotspur,2
,Jordan Amavi,France, Aston Villa,2
,Ikechi Anya,Scotland, Watford FC,2
,Ayoze Pérez,Spain, Newcastle United,2
,Phil Bardsley,Scotland, Stoke City,2
,Modou Barrow,Gambia, Swansea City,2
,Steven Berghuis,Netherlands, Watford FC,2
,Bojan,Spain, Stoke City,2
,Robbie Brady,Ireland, Norwich City,2
,Joel Campbell,Costa Rica, Arsenal FC,2
,Andy Carroll,England, West Ham United,2
,Cédric Soares,Portugal, Southampton FC,2
,Nacer Chadli,Belgium, Tottenham Hotspur,2
,Jack Cork,England, Swansea City,2
,Ben Davies,Wales, Tottenham Hotspur,2
,Jermain Defoe,England, Sunderland AFC,2
,Eric Dier,England, Tottenham Hotspur,2
,Leroy Fer,Netherlands, Swansea City,2
,Dan Gosling,England, AFC Bournemouth,2
,Adlène Guédioura,Algeria, Watford FC,2
,Jordon Ibe,England, Liverpool FC,2
,Kelechi Iheanacho,Nigeria, Manchester City,2
,Branislav Ivanović,Serbia, Chelsea FC,2
,Alex Iwobi,Nigeria, Arsenal FC,2
,Nikica Jelavić,Croatia, West Ham United,2
,Cameron Jerome,England, Norwich City,2
,Joselu,Spain, Stoke City,2
,Jurado,Spain, Watford FC,2
,Andy King,Wales, Leicester City,2
,Joshua King,Norway, AFC Bournemouth,2
,Manuel Lanzini,Argentina, West Ham United,2
,James McArthur,Scotland, Crystal Palace,2
,James McCarthy,Ireland, Everton FC,2
,James McClean,Ireland, West Bromwich Albion,2
,Callum McManaman,England, West Bromwich Albion,2
,Kevin Mirallas,Belgium, Everton FC,2
,Jefferson Montero,Ecuador, Swansea City,2
,Victor Moses,Nigeria, Chelsea FC,2
,,, West Ham United,
,Steven Naismith,Scotland, Everton FC,2
,,, Norwich City,
,Samir Nasri,France, Manchester City,2
,Vadis Odjidja-Ofoe,Belgium, Norwich City,2
,Martin Olsson,Sweden, Norwich City,2
,Marcus Rashford,England, Manchester United,2
,Winston Reid,New Zealand, West Ham United,2
,Salomón Rondón,Venezuela, West Bromwich Albion,2
,Stéphane Sessègnon,Benin, West Bromwich Albion,2
,Gylfi Sigurðsson,Iceland, Swansea City,2
,Junior Stanislas,England, AFC Bournemouth,2
,Raheem Sterling,England, Manchester City,2
,Matt Targett,England, Southampton FC,2
,Neil Taylor,Wales, Swansea City,2
,Ola Toivonen,Sweden, Sunderland AFC,2
,Andros Townsend,England, Newcastle United,2
,,, Tottenham Hotspur,
,Leonardo Ulloa,Argentina, Leicester City,2
,Enner Valencia,Ecuador, West Ham United,2
,Jon Walters,Ireland, Stoke City,2
,Danny Welbeck,England, Arsenal FC,2
,Ashley Westwood,England, Aston Villa,2
,Ashley Young,England, Manchester United,2
169,Rolando Aarons,England, Newcastle United,1
,Charlie Adam,Scotland, Stoke City,1
,Emmanuel Adebayor,Togo, Crystal Palace,1
,Nathan Aké,Netherlands, Watford FC,1
,Alexandre Pato,Brazil, Chelsea FC,1
,Joe Allen,Wales, Liverpool FC,1
,Abdul Rahman Baba,Ghana, Chelsea FC,1
,Leighton Baines,England, Everton FC,1
,Gareth Barry,England, Everton FC,1
,Valon Behrami,Switzerland, Watford FC,1
,Daley Blind,Netherlands, Manchester United,1
,Cameron Borthwick-Jackson,England, Manchester United,1
,Yohan Cabaye,France, Crystal Palace,1
,Gary Cahill,England, Chelsea FC,1
,Étienne Capoue,France, Watford FC,1
,Carles Gil,Spain, Aston Villa,1
,Bersant Celina,Kosovo, Manchester City,1
,Gaël Clichy,France, Manchester City,1
,Sebastián Coates,Uruguay, Sunderland AFC,1
,Jack Colback,England, Newcastle United,1
,Peter Crouch,England, Stoke City,1
,Scott Dann,England, Crystal Palace,1
,Siem de Jong,Netherlands, Newcastle United,1
,Mousa Dembélé,Belgium, Tottenham Hotspur,1
,Memphis Depay,Netherlands, Manchester United,1
,Mame Diouf,Senegal, Stoke City,1
,Graham Dorrans,Scotland, Norwich City,1
,Nathan Dyer,England, Leicester City,1
,,, Swansea City,
,Mohamed Elneny,Egypt, Arsenal FC,1
,Jonny Evans,Northern Ireland, West Bromwich Albion,1
,Łukasz Fabiański,Poland, Swansea City,1
,Federico Fernández,Argentina, Swansea City,1
,Jon Flanagan,England, Liverpool FC,1
,Steven Fletcher,Scotland, Sunderland AFC,1
,Timothy Fosu-Mensah,Netherlands, Manchester United,1
,Ramiro Funes Mori,Argentina, Everton FC,1
,Brendan Galloway,England, Everton FC,1
,Dwight Gayle,England, Crystal Palace,1
,Darron Gibson,Ireland, Everton FC,1
,Joe Gomez,England, Liverpool FC,1
,Bafétimbi Gomis,France, Swansea City,1
,Demarai Gray,England, Leicester City,1
,Idrissa Gueye,Senegal, Aston Villa,1
,Alan Hutton,Scotland, Aston Villa,1
,Stephen Ireland,Ireland, Stoke City,1
,Matthew Jarvis,England, Norwich City,1
,,, West Ham United,
,Billy Jones,England, Sunderland AFC,1
,José Fonte,Portugal, Southampton FC,1
,Younès Kaboul,France, Sunderland AFC,1
,Wahbi Khazri,Tunisia, Sunderland AFC,1
,Sung-yueng Ki,South Korea, Swansea City,1
,Stephen Kingsley,Scotland, Swansea City,1
,Lamine Koné,Ivory Coast, Sunderland AFC,1
,Rickie Lambert,England, West Bromwich Albion,1
,Sebastian Larsson,Sweden, Sunderland AFC,1
,Jonathan Leko,England, West Bromwich Albion,1
,Aaron Lennon,England, Everton FC,1
,Jesse Lingard,England, Manchester United,1
,Ruben Loftus-Cheek,England, Chelsea FC,1
,Lucas Leiva,Brazil, Liverpool FC,1
,Cuco Martina,Curaçao, Southampton FC,1
,Dieumerci Mbokani,Congo DR, Norwich City,1
,Clinton N'Jie,Cameroon, Tottenham Hotspur,1
,Allan Nyom,Cameroon, Watford FC,1
,Eunan O'Kane,Ireland, AFC Bournemouth,1
,Gabriel Obertan,France, Newcastle United,1
,John Mikel Obi,Nigeria, Chelsea FC,1
,Shinji Okazaki,Japan, Leicester City,1
,Jonas Olsson,Sweden, West Bromwich Albion,1
,Divock Origi,Belgium, Liverpool FC,1
,Bryan Oviedo,Costa Rica, Everton FC,1
,Juan Paredes,Ecuador, Watford FC,1
,Pedro Obiang,Equatorial Guinea, West Ham United,1
,Erik Pieters,Netherlands, Stoke City,1
,Sébastien Pocognoli,Belgium, West Bromwich Albion,1
,Gastón Ramírez,Uruguay, Southampton FC,1
,Micah Richards,England, Aston Villa,1
,Kieran Richardson,England, Aston Villa,1
,Marcos Rojo,Argentina, Manchester United,1
,Wayne Routledge,England, Swansea City,1
,Diafra Sakho,Senegal, West Ham United,1
,Bakary Sako,Mali, Crystal Palace,1
,Luke Shaw,England, Manchester United,1
,Scott Sinclair,England, Aston Villa,1
,Chris Smalling,England, Manchester United,1
,Heung-min Son,South Korea, Tottenham Hotspur,1
,Pape Souaré,Senegal, Crystal Palace,1
,Daniel Sturridge,England, Liverpool FC,1
,Kevin Toner,Ireland, Aston Villa,1
,Adama Traoré,Spain, Aston Villa,1
,Bertrand Traoré,Burkina Faso, Chelsea FC,1
,Kieran Trippier,England, Tottenham Hotspur,1
,Victor Wanyama,Kenya, Southampton FC,1
,Joel Ward,England, Crystal Palace,1
,Duncan Watmore,England, Sunderland AFC,1
,Ben Watson,England, Watford FC,1
,Glenn Whelan,Ireland, Stoke City,1
,Ashley Williams,Wales, Swansea City,1
,Claudio Yacob,Argentina, West Bromwich Albion,1
,DeAndre Yedlin,USA, Sunderland AFC,1
,Pablo Zabaleta,Argentina, Manchester City,1
