﻿#,Player,Country,Team,Goals (Penalty)
1,Robin van Persie,Netherlands,Arsenal FC Arsenal FC,30 (2)
2,Wayne Rooney,England,Manchester United Manchester United,27 (6)
3,Kun Agüero,Argentina,Manchester City Manchester City,23 (3)
4,Emmanuel Adebayor,Togo,Tottenham Hotspur Tottenham Hotspur,17 (3)
,Yakubu Ayegbeni,Nigeria,Blackburn Rovers Blackburn Rovers,17 (4)
,Clint Dempsey,USA,Fulham FC Fulham FC,17 (0)
7,Demba Ba,Senegal,Newcastle United Newcastle United,16 (2)
8,Grant Holt,England,Norwich City Norwich City,15 (2)
9,Edin Džeko,Bosnia-Herzegovina,Manchester City Manchester City,14 (0)
10,Mario Balotelli,Italy,Manchester City Manchester City,13 (3)
,Papiss Demba Cissé,Senegal,Newcastle United Newcastle United,13 (0)
12,Steven Fletcher,Scotland,Wolverhampton Wanderers Wolverhampton Wanderers,12 (0)
,Danny Graham,England,Swansea City Swansea City,12 (1)
14,Jermain Defoe,England,Tottenham Hotspur Tottenham Hotspur,11 (0)
,Frank Lampard,England,Chelsea FC Chelsea FC,11 (3)
,Daniel Sturridge,England,Chelsea FC Chelsea FC,11 (0)
,Luis Suárez,Uruguay,Liverpool FC Liverpool FC,11 (0)
,Rafael van der Vaart,Netherlands,Tottenham Hotspur Tottenham Hotspur,11 (1)
19,Gareth Bale,Wales,Tottenham Hotspur Tottenham Hotspur,10 (0)
,Peter Crouch,England,Stoke City Stoke City,10 (0)
,,,Tottenham Hotspur Tottenham Hotspur,
,Javier Hernández,Mexico,Manchester United Manchester United,10 (1)
,Peter Odemwingie,Nigeria,West Bromwich Albion West Bromwich Albion,10 (0)
23,Darren Bent,England,Aston Villa Aston Villa,9 (2)
,Nikica Jelavić,Croatia,Everton FC Everton FC,9 (1)
,Steve Morison,Wales,Norwich City Norwich City,9 (0)
,Danny Welbeck,England,Manchester United Manchester United,9 (0)
27,Nicklas Bendtner,Denmark,Arsenal FC Arsenal FC,8 (1)
,,,Sunderland AFC Sunderland AFC,
,Heiðar Helguson,Iceland,Queens Park Rangers Queens Park Rangers,8 (2)
,Matthew Jarvis,England,Wolverhampton Wanderers Wolverhampton Wanderers,8 (0)
,Ivan Klasnić,Croatia,Bolton Wanderers Bolton Wanderers,8 (1)
,Shane Long,Ireland,West Bromwich Albion West Bromwich Albion,8 (1)
,Nani,Portugal,Manchester United Manchester United,8 (0)
,Anthony Pilkington,Ireland,Norwich City Norwich City,8 (0)
,Scott Sinclair,England,Swansea City Swansea City,8 (4)
,Theo Walcott,England,Arsenal FC Arsenal FC,8 (0)
36,Dimitar Berbatov,Bulgaria,Manchester United Manchester United,7 (2)
,Franco Di Santo,Argentina,Wigan Athletic Wigan Athletic,7 (0)
,Junior Hoilett,Canada,Blackburn Rovers Blackburn Rovers,7 (0)
,Sebastian Larsson,Sweden,Sunderland AFC Sunderland AFC,7 (0)
,Jamie Mackie,Scotland,Queens Park Rangers Queens Park Rangers,7 (0)
,Mikel Arteta,Spain,Arsenal FC Arsenal FC,7 (1)
,,,Everton FC Everton FC,
,Stéphane Sessègnon,Benin,Sunderland AFC Sunderland AFC,7 (0)
,Gylfi Sigurðsson,Iceland,Swansea City Swansea City,7 (0)
,Jon Walters,Ireland,Stoke City Stoke City,7 (4)
,Bobby Zamora,England,Fulham FC Fulham FC,7 (1)
,,,Queens Park Rangers Queens Park Rangers,
46,Craig Bellamy,Wales,Liverpool FC Liverpool FC,6 (0)
,Djibril Cissé,France,Queens Park Rangers Queens Park Rangers,6 (0)
,David Silva,Spain,Manchester City Manchester City,6 (0)
,Kevin Davies,England,Bolton Wanderers Bolton Wanderers,6 (1)
,Fernando Torres,Spain,Chelsea FC Chelsea FC,6 (0)
,Adam Johnson,England,Manchester City Manchester City,6 (0)
,Mata,Spain,Chelsea FC Chelsea FC,6 (0)
,Victor Moses,Nigeria,Wigan Athletic Wigan Athletic,6 (0)
,Pavel Pogrebnyak,Russia,Fulham FC Fulham FC,6 (0)
,John Terry,England,Chelsea FC Chelsea FC,6 (0)
,Yaya Touré,Ivory Coast,Manchester City Manchester City,6 (0)
,Thomas Vermaelen,Belgium,Arsenal FC Arsenal FC,6 (0)
,Ashley Young,England,Manchester United Manchester United,6 (0)
59,Gabriel Agbonlahor,England,Aston Villa Aston Villa,5 (0)
,Victor Anichebe,Nigeria,Everton FC Everton FC,5 (0)
,Hatem Ben Arfa,France,Newcastle United Newcastle United,5 (0)
,Didier Drogba,Ivory Coast,Chelsea FC Chelsea FC,5 (1)
,Nathan Dyer,England,Swansea City Swansea City,5 (0)
,Steven Gerrard,England,Liverpool FC Liverpool FC,5 (0)
,Jordi Gómez,Spain,Wigan Athletic Wigan Athletic,5 (2)
,James McClean,Ireland,Sunderland AFC Sunderland AFC,5 (0)
,James Morrison,Scotland,West Bromwich Albion West Bromwich Albion,5 (0)
,Samir Nasri,France,Arsenal FC Arsenal FC,5 (0)
,,,Manchester City Manchester City,
,Ramires,Brazil,Chelsea FC Chelsea FC,5 (0)
70,Joe Allen,Wales,Swansea City Swansea City,4 (0)
,Leighton Baines,England,Everton FC Everton FC,4 (3)
,Yossi Benayoun,Israel,Arsenal FC Arsenal FC,4 (0)
,,,Chelsea FC Chelsea FC,
,Leon Best,Ireland,Newcastle United Newcastle United,4 (0)
,Yohan Cabaye,France,Newcastle United Newcastle United,4 (0)
,Andy Carroll,England,Liverpool FC Liverpool FC,4 (0)
,Mark Davies,England,Bolton Wanderers Bolton Wanderers,4 (0)
,Kevin Doyle,Ireland,Wolverhampton Wanderers Wolverhampton Wanderers,4 (0)
,Chris Eagles,England,Bolton Wanderers Bolton Wanderers,4 (0)
,Mauro Fórmica,Argentina,Blackburn Rovers Blackburn Rovers,4 (0)
,Gervinho,Ivory Coast,Arsenal FC Arsenal FC,4 (0)
,Wes Hoolahan,Ireland,Norwich City Norwich City,4 (0)
,Cameron Jerome,England,Stoke City Stoke City,4 (0)
,Luka Modrić,Croatia,Tottenham Hotspur Tottenham Hotspur,4 (0)
,Leon Osman,England,Everton FC Everton FC,4 (0)
,Martin Petrov,Bulgaria,Bolton Wanderers Bolton Wanderers,4 (4)
,Stilian Petrov,Bulgaria,Aston Villa Aston Villa,4 (0)
,Steven Pienaar,South Africa,Everton FC Everton FC,4 (0)
,,,Tottenham Hotspur Tottenham Hotspur,
,Nigel Reo-Coker,England,Bolton Wanderers Bolton Wanderers,4 (0)
,Maxi Rodríguez,Argentina,Liverpool FC Liverpool FC,4 (0)
,Louis Saha,France,Everton FC Everton FC,4 (0)
,,,Tottenham Hotspur Tottenham Hotspur,
,Paul Scholes,England,Manchester United Manchester United,4 (0)
,Andrew Surman,South Africa,Norwich City Norwich City,4 (0)
,Carlos Tévez,Argentina,Manchester City Manchester City,4 (0)
,Antonio Valencia,Ecuador,Manchester United Manchester United,4 (0)
95,Joey Barton,England,Newcastle United Newcastle United,3 (0)
,,,Queens Park Rangers Queens Park Rangers,
,Emmerson Boyce,Barbados,Wigan Athletic Wigan Athletic,3 (0)
,Gary Cahill,England,Bolton Wanderers Bolton Wanderers,3 (0)
,,,Chelsea FC Chelsea FC,
,Gary Caldwell,Scotland,Wigan Athletic Wigan Athletic,3 (0)
,Momo Diamé,Senegal,Wigan Athletic Wigan Athletic,3 (0)
,Graham Dorrans,Scotland,West Bromwich Albion West Bromwich Albion,3 (0)
,Royston Drenthe,Netherlands,Everton FC Everton FC,3 (0)
,Dave Edwards,Wales,Wolverhampton Wanderers Wolverhampton Wanderers,3 (0)
,Matthew Etherington,England,Stoke City Stoke City,3 (0)
,Marouane Fellaini,Belgium,Everton FC Everton FC,3 (0)
,Craig Gardner,England,Sunderland AFC Sunderland AFC,3 (0)
,Stephen Hunt,Ireland,Wolverhampton Wanderers Wolverhampton Wanderers,3 (3)
,Robert Huth,Germany,Stoke City Stoke City,3 (0)
,Branislav Ivanović,Serbia,Chelsea FC Chelsea FC,3 (0)
,Simeon Jackson,Canada,Norwich City Norwich City,3 (0)
,Andy Johnson,England,Fulham FC Fulham FC,3 (0)
,Robbie Keane,Ireland,Aston Villa Aston Villa,3 (0)
,Michael Kightly,England,Wolverhampton Wanderers Wolverhampton Wanderers,3 (0)
,Vincent Kompany,Belgium,Manchester City Manchester City,3 (0)
,Aaron Lennon,England,Tottenham Hotspur Tottenham Hotspur,3 (0)
,Shaun Maloney,Scotland,Wigan Athletic Wigan Athletic,3 (1)
,James McArthur,Scotland,Wigan Athletic Wigan Athletic,3 (0)
,James Milner,England,Manchester City Manchester City,3 (1)
,Danny Murphy,England,Fulham FC Fulham FC,3 (2)
,David N'Gog,France,Bolton Wanderers Bolton Wanderers,3 (0)
,,,Liverpool FC Liverpool FC,
,Morten Gamst Pedersen,Norway,Blackburn Rovers Blackburn Rovers,3 (0)
,Paul Scharner,Austria,West Bromwich Albion West Bromwich Albion,3 (0)
,Apostolos Vellios,Greece,Everton FC Everton FC,3 (0)
,Stephen Ward,Ireland,Wolverhampton Wanderers Wolverhampton Wanderers,3 (0)
,Ben Watson,England,Wigan Athletic Wigan Athletic,3 (2)
125,Charlie Adam,Scotland,Liverpool FC Liverpool FC,2 (1)
,Marc Albrighton,England,Aston Villa Aston Villa,2 (0)
,Antolín Alcaráz,Paraguay,Wigan Athletic Wigan Athletic,2 (0)
,Shola Ameobi,Nigeria,Newcastle United Newcastle United,2 (0)
,Anderson,Brazil,Manchester United Manchester United,2 (0)
,André Santos,Brazil,Arsenal FC Arsenal FC,2 (0)
,Keith Andrews,Ireland,West Bromwich Albion West Bromwich Albion,2 (0)
,Benoît Assou-Ekotto,Cameroon,Tottenham Hotspur Tottenham Hotspur,2 (0)
,Jay Bothroyd,England,Queens Park Rangers Queens Park Rangers,2 (0)
,Chris Brunt,Northern Ireland,West Bromwich Albion West Bromwich Albion,2 (0)
,Ákos Buzsáky,Hungary,Queens Park Rangers Queens Park Rangers,2 (0)
,Tim Cahill,Australia,Everton FC Everton FC,2 (0)
,Michael Carrick,England,Manchester United Manchester United,2 (0)
,David Luiz,Brazil,Chelsea FC Chelsea FC,2 (0)
,Rory Delap,Ireland,Stoke City Stoke City,2 (0)
,Mousa Dembélé,Belgium,Fulham FC Fulham FC,2 (0)
,Damien Duff,Ireland,Fulham FC Fulham FC,2 (0)
,David Dunn,England,Blackburn Rovers Blackburn Rovers,2 (0)
,Marc-Antoine Fortuné,France,West Bromwich Albion West Bromwich Albion,2 (0)
,Ryan Giggs,Wales,Manchester United Manchester United,2 (0)
,David Goodwillie,Scotland,Blackburn Rovers Blackburn Rovers,2 (0)
,Jonás Gutiérrez,Argentina,Newcastle United Newcastle United,2 (0)
,Jordan Henderson,England,Liverpool FC Liverpool FC,2 (0)
,Thierry Henry,France,Arsenal FC Arsenal FC,2 (0)
,Phil Jagielka,England,Everton FC Everton FC,2 (0)
,Dong-won Ji,South Korea,Sunderland AFC Sunderland AFC,2 (0)
,Bradley Johnson,England,Norwich City Norwich City,2 (0)
,Aleksandar Kolarov,Serbia,Manchester City Manchester City,2 (0)
,Laurent Koscielny,France,Arsenal FC Arsenal FC,2 (0)
,Dirk Kuyt,Netherlands,Liverpool FC Liverpool FC,2 (0)
,Joleon Lescott,England,Manchester City Manchester City,2 (0)
,Leroy Lita,England,Swansea City Swansea City,2 (0)
,Florent Malouda,French Guyana,Chelsea FC Chelsea FC,2 (0)
,Russell Martin,Scotland,Norwich City Norwich City,2 (0)
,Gareth McAuley,Northern Ireland,West Bromwich Albion West Bromwich Albion,2 (0)
,Luke Moore,England,Swansea City Swansea City,2 (0)
,Charles N'Zogbia,France,Aston Villa Aston Villa,2 (0)
,Steven N'Zonzi,France,Blackburn Rovers Blackburn Rovers,2 (0)
,Jamie O'Hara,England,Wolverhampton Wanderers Wolverhampton Wanderers,2 (0)
,Jonas Olsson,Sweden,West Bromwich Albion West Bromwich Albion,2 (0)
,Alex Oxlade-Chamberlain,England,Arsenal FC Arsenal FC,2 (0)
,Ji-Sung Park,South Korea,Manchester United Manchester United,2 (0)
,Aaron Ramsey,Wales,Arsenal FC Arsenal FC,2 (0)
,Raúl Meireles,Portugal,Chelsea FC Chelsea FC,2 (0)
,,,Liverpool FC Liverpool FC,
,Kieran Richardson,England,Sunderland AFC Sunderland AFC,2 (0)
,Hugo Rodallega,Colombia,Wigan Athletic Wigan Athletic,2 (0)
,Jack Rodwell,England,Everton FC Everton FC,2 (0)
,Rubén Rochina,Spain,Blackburn Rovers Blackburn Rovers,2 (0)
,Bryan Ruiz,Costa Rica,Fulham FC Fulham FC,2 (0)
,Christopher Samba,Congo,Blackburn Rovers Blackburn Rovers,2 (0)
,Ryan Shawcross,England,Stoke City Stoke City,2 (0)
,Martin Škrtel,Slovakia,Liverpool FC Liverpool FC,2 (0)
,Tommy Smith,England,Queens Park Rangers Queens Park Rangers,2 (0)
,Adel Taarabt,Morocco,Queens Park Rangers Queens Park Rangers,2 (0)
,Ryan Taylor,England,Newcastle United Newcastle United,2 (0)
,David Vaughan,Wales,Sunderland AFC Sunderland AFC,2 (0)
,Kyle Walker,England,Tottenham Hotspur Tottenham Hotspur,2 (0)
,Stephen Warnock,England,Aston Villa Aston Villa,2 (0)
,Andreas Weimann,Austria,Aston Villa Aston Villa,2 (0)
,David Wheater,England,Bolton Wanderers Bolton Wanderers,2 (0)
,Luke Young,England,Aston Villa Aston Villa,2 (0)
,,,Queens Park Rangers Queens Park Rangers,
186,Daniel Agger,Denmark,Liverpool FC Liverpool FC,1 (0)
,Nicolas Anelka,France,Chelsea FC Chelsea FC,1 (0)
,Andrey Arshavin,Russia,Arsenal FC Arsenal FC,1 (0)
,Barry Bannan,Scotland,Aston Villa Aston Villa,1 (1)
,Phil Bardsley,Scotland,Sunderland AFC Sunderland AFC,1 (0)
,Leon Barnett,England,Norwich City Norwich City,1 (0)
,Gareth Barry,England,Manchester City Manchester City,1 (0)
,Elliott Bennett,Jamaica,Norwich City Norwich City,1 (0)
,Bosingwa,Portugal,Chelsea FC Chelsea FC,1 (0)
,Dedryck Boyata,Belgium,Bolton Wanderers Bolton Wanderers,1 (0)
,Titus Bramble,England,Sunderland AFC Sunderland AFC,1 (0)
,Wes Brown,England,Sunderland AFC Sunderland AFC,1 (0)
,DJ Campbell,England,Queens Park Rangers Queens Park Rangers,1 (0)
,Fraizer Campbell,England,Sunderland AFC Sunderland AFC,1 (0)
,Marouane Chamakh,Morocco,Arsenal FC Arsenal FC,1 (0)
,Ciaran Clark,Ireland,Aston Villa Aston Villa,1 (0)
,Sebastián Coates,Uruguay,Liverpool FC Liverpool FC,1 (0)
,Jack Colback,England,Sunderland AFC Sunderland AFC,1 (0)
,James Collins,Wales,Aston Villa Aston Villa,1 (0)
,Crusat,Spain,Wigan Athletic Wigan Athletic,1 (0)
,Scott Dann,England,Blackburn Rovers Blackburn Rovers,1 (0)
,Ritchie De Laet,Belgium,Norwich City Norwich City,1 (0)
,Shaun Derry,England,Queens Park Rangers Queens Park Rangers,1 (0)
,Samba Diakité,Mali,Queens Park Rangers Queens Park Rangers,1 (0)
,Mahamadou Diarra,Mali,Fulham FC Fulham FC,1 (0)
,Richard Dunne,Ireland,Aston Villa Aston Villa,1 (0)
,Sylvain Ebanks-Blake,England,Wolverhampton Wanderers Wolverhampton Wanderers,1 (0)
,Ahmed Elmohamady,Egypt,Sunderland AFC Sunderland AFC,1 (0)
,Jonny Evans,Northern Ireland,Manchester United Manchester United,1 (0)
,Alejandro Faurlín,Argentina,Queens Park Rangers Queens Park Rangers,1 (0)
,Darren Fletcher,Scotland,Manchester United Manchester United,1 (0)
,Kieran Gibbs,England,Arsenal FC Arsenal FC,1 (0)
,Darron Gibson,Ireland,Everton FC Everton FC,1 (0)
,,,Manchester United Manchester United,
,Dan Gosling,England,Newcastle United Newcastle United,1 (0)
,Magaye Gueye,Senegal,Everton FC Everton FC,1 (0)
,Danny Guthrie,England,Newcastle United Newcastle United,1 (0)
,Grant Hanley,Scotland,Blackburn Rovers Blackburn Rovers,1 (0)
,John Heitinga,Netherlands,Everton FC Everton FC,1 (0)
,Chris Herd,Australia,Aston Villa Aston Villa,1 (0)
,Emile Heskey,England,Aston Villa Aston Villa,1 (0)
,Tim Howard,USA,Everton FC Everton FC,1 (0)
,Jonny Howson,England,Norwich City Norwich City,1 (0)
,Stephen Ireland,Ireland,Aston Villa Aston Villa,1 (0)
,Glen Johnson,England,Liverpool FC Liverpool FC,1 (0)
,Kenwyne Jones,Trinidad & Tobago,Stoke City Stoke City,1 (0)
,Phil Jones,England,Manchester United Manchester United,1 (0)
,Younès Kaboul,France,Tottenham Hotspur Tottenham Hotspur,1 (0)
,Salomon Kalou,Ivory Coast,Chelsea FC Chelsea FC,1 (0)
,Niko Kranjčar,Croatia,Tottenham Hotspur Tottenham Hotspur,1 (0)
,Eric Lichaj,USA,Aston Villa Aston Villa,1 (0)
,Marcos Alonso,Spain,Bolton Wanderers Bolton Wanderers,1 (0)
,Fabrice Muamba,England,Bolton Wanderers Bolton Wanderers,1 (0)
,Youssuf Mulumbu,Congo DR,West Bromwich Albion West Bromwich Albion,1 (0)
,Gabriel Obertan,France,Newcastle United Newcastle United,1 (0)
,Orlandi,Spain,Swansea City Swansea City,1 (0)
,Orlando Sá,Portugal,Fulham FC Fulham FC,1 (0)
,Roman Pavlyuchenko,Russia,Tottenham Hotspur Tottenham Hotspur,1 (0)
,Darren Pratley,England,Bolton Wanderers Bolton Wanderers,1 (0)
,Steven Reid,Ireland,West Bromwich Albion West Bromwich Albion,1 (0)
,Micah Richards,England,Manchester City Manchester City,1 (0)
,Sam Ricketts,Wales,Bolton Wanderers Bolton Wanderers,1 (0)
,Liam Ridgewell,England,West Bromwich Albion West Bromwich Albion,1 (0)
,Tomáš Rosický,Czech Republic,Arsenal FC Arsenal FC,1 (0)
,Wayne Routledge,England,Swansea City Swansea City,1 (0)
,Bacary Sagna,France,Arsenal FC Arsenal FC,1 (0)
,Stefan Savić,Montenegro,Manchester City Manchester City,1 (0)
,Philippe Senderos,Switzerland,Fulham FC Fulham FC,1 (0)
,Jonjo Shelvey,England,Liverpool FC Liverpool FC,1 (0)
,Ryan Shotton,England,Stoke City Stoke City,1 (0)
,Steven Sidwell,England,Fulham FC Fulham FC,1 (0)
,Chris Smalling,England,Manchester United Manchester United,1 (0)
,Alex Song,Cameroon,Arsenal FC Arsenal FC,1 (0)
,Grétar Steinsson,Iceland,Bolton Wanderers Bolton Wanderers,1 (0)
,Denis Stracqualursi,Argentina,Everton FC Everton FC,1 (0)
,Taye Taïwo,Nigeria,Queens Park Rangers Queens Park Rangers,1 (0)
,Somen Tchoyi,Cameroon,West Bromwich Albion West Bromwich Albion,1 (0)
,Jerome Thomas,England,West Bromwich Albion West Bromwich Albion,1 (0)
,Matthew Upson,England,Stoke City Stoke City,1 (0)
,Simon Vukčević,Montenegro,Blackburn Rovers Blackburn Rovers,1 (0)
,Glenn Whelan,Ireland,Stoke City Stoke City,1 (0)
,Connor Wickham,England,Sunderland AFC Sunderland AFC,1 (0)
,Aaron Wilbraham,England,Norwich City Norwich City,1 (0)
,Ashley Williams,Wales,Swansea City Swansea City,1 (0)
,Pablo Zabaleta,Argentina,Manchester City Manchester City,1 (0)
,Ronald Zubar,Guadeloupe,Wolverhampton Wanderers Wolverhampton Wanderers,1 (0)
