﻿#,Player,Country,Team,Goals (Penalty)
1,Harry Kane,England,Tottenham Hotspur Tottenham Hotspur,25 (5)
2,Kun Agüero,Argentina,Manchester City Manchester City,24 (4)
,Jamie Vardy,England,Leicester City Leicester City,24 (5)
4,Romelu Lukaku,Belgium,Everton FC Everton FC,18 (1)
5,Riyad Mahrez,Algeria,Leicester City Leicester City,17 (4)
6,Olivier Giroud,France,Arsenal FC Arsenal FC,16 (1)
,Odion Ighalo,Nigeria,Watford FC Watford FC,16 (0)
8,Jermain Defoe,England,Sunderland AFC Sunderland AFC,15 (1)
9,Troy Deeney,England,Watford FC Watford FC,13 (6)
,Alexis Sánchez,Chile,Arsenal FC Arsenal FC,13 (0)
11,André Ayew,Ghana,Swansea City Swansea City,12 (0)
,Diego Costa,Spain,Chelsea FC Chelsea FC,12 (0)
13,Marko Arnautović,Austria,Stoke City Stoke City,11 (3)
,Sadio Mané,Senegal,Southampton FC Southampton FC,11 (0)
,Anthony Martial,France,Manchester United Manchester United,11 (0)
,Graziano Pellè,Italy,Southampton FC Southampton FC,11 (0)
,Gylfi Sigurðsson,Iceland,Swansea City Swansea City,11 (3)
,Georginio Wijnaldum,Netherlands,Newcastle United Newcastle United,11 (1)
19,Dele Alli,England,Tottenham Hotspur Tottenham Hotspur,10 (0)
,Shane Long,Ireland,Southampton FC Southampton FC,10 (0)
,Roberto Firmino,Brazil,Liverpool FC Liverpool FC,10 (0)
22,Christian Benteke,Belgium,Liverpool FC Liverpool FC,9 (1)
,Andy Carroll,England,West Ham United West Ham United,9 (1)
,Aleksandar Mitrović,Serbia,Newcastle United Newcastle United,9 (2)
,Dimitri Payet,France,West Ham United West Ham United,9 (0)
,Salomón Rondón,Venezuela,West Bromwich Albion West Bromwich Albion,9 (0)
27,Michail Antonio,England,West Ham United West Ham United,8 (0)
,Ross Barkley,England,Everton FC Everton FC,8 (2)
,Coutinho,Brazil,Liverpool FC Liverpool FC,8 (0)
,Kelechi Iheanacho,Nigeria,Manchester City Manchester City,8 (0)
,Wayne Rooney,England,Manchester United Manchester United,8 (1)
,Daniel Sturridge,England,Liverpool FC Liverpool FC,8 (0)
,Dušan Tadić,Serbia,Southampton FC Southampton FC,8 (1)
34,Jordan Ayew,Ghana,Aston Villa Aston Villa,7 (1)
,Bojan,Spain,Stoke City Stoke City,7 (2)
,Kevin De Bruyne,Belgium,Manchester City Manchester City,7 (0)
,Dieumerci Mbokani,Congo DR,Norwich City Norwich City,7 (0)
,Mark Noble,England,West Ham United West Ham United,7 (3)
,Pedro,Spain,Chelsea FC Chelsea FC,7 (0)
40,Ayoze Pérez,Spain,Newcastle United Newcastle United,6 (0)
,Christian Eriksen,Denmark,Tottenham Hotspur Tottenham Hotspur,6 (0)
,Bafétimbi Gomis,France,Swansea City Swansea City,6 (1)
,Joshua King,Norway,AFC Bournemouth AFC Bournemouth,6 (0)
,Manuel Lanzini,Argentina,West Ham United West Ham United,6 (0)
,Mata,Spain,Manchester United Manchester United,6 (1)
,Mesut Özil,Germany,Arsenal FC Arsenal FC,6 (0)
,Nathan Redmond,England,Norwich City Norwich City,6 (0)
,Raheem Sterling,England,Manchester City Manchester City,6 (0)
,Yaya Touré,Ivory Coast,Manchester City Manchester City,6 (1)
,Leonardo Ulloa,Argentina,Leicester City Leicester City,6 (1)
,Patrick van Aanholt,Netherlands,Sunderland AFC Sunderland AFC,6 (0)
52,Yannick Bolasie,Congo DR,Crystal Palace Crystal Palace,5 (0)
,Fabio Borini,Italy,Sunderland AFC Sunderland AFC,5 (1)
,Yohan Cabaye,France,Crystal Palace Crystal Palace,5 (3)
,Cesc Fàbregas,Spain,Chelsea FC Chelsea FC,5 (2)
,Scott Dann,England,Crystal Palace Crystal Palace,5 (0)
,Steven Davis,Northern Ireland,Southampton FC Southampton FC,5 (0)
,Mame Diouf,Senegal,Stoke City Stoke City,5 (0)
,Rudy Gestede,Benin,Aston Villa Aston Villa,5 (0)
,Arouna Koné,Ivory Coast,Everton FC Everton FC,5 (0)
,Cheikhou Kouyaté,Senegal,West Ham United West Ham United,5 (0)
,Érik Lamela,Argentina,Tottenham Hotspur Tottenham Hotspur,5 (0)
,Aaron Lennon,England,Everton FC Everton FC,5 (0)
,James Milner,England,Liverpool FC Liverpool FC,5 (1)
,Shinji Okazaki,Japan,Leicester City Leicester City,5 (0)
,Divock Origi,Belgium,Liverpool FC Liverpool FC,5 (0)
,Aaron Ramsey,Wales,Arsenal FC Arsenal FC,5 (0)
,Marcus Rashford,England,Manchester United Manchester United,5 (0)
,Diafra Sakho,Senegal,West Ham United West Ham United,5 (0)
,Theo Walcott,England,Arsenal FC Arsenal FC,5 (0)
,Jon Walters,Ireland,Stoke City Stoke City,5 (0)
,Connor Wickham,England,Crystal Palace Crystal Palace,5 (1)
,Willian,Brazil,Chelsea FC Chelsea FC,5 (0)
,Callum Wilson,England,AFC Bournemouth AFC Bournemouth,5 (1)
75,Benik Afobe,Congo DR,AFC Bournemouth AFC Bournemouth,4 (0)
,Toby Alderweireld,Belgium,Tottenham Hotspur Tottenham Hotspur,4 (0)
,Saido Berahino,Burundi,West Bromwich Albion West Bromwich Albion,4 (0)
,Wilfried Bony,Ivory Coast,Manchester City Manchester City,4 (0)
,Steve Cook,England,AFC Bournemouth AFC Bournemouth,4 (0)
,Craig Dawson,England,West Bromwich Albion West Bromwich Albion,4 (0)
,Steven Fletcher,Scotland,Sunderland AFC Sunderland AFC,4 (0)
,Ramiro Funes Mori,Argentina,Everton FC Everton FC,4 (0)
,Eden Hazard,Belgium,Chelsea FC Chelsea FC,4 (0)
,Wes Hoolahan,Ireland,Norwich City Norwich City,4 (1)
,Joselu,Spain,Stoke City Stoke City,4 (0)
,Laurent Koscielny,France,Arsenal FC Arsenal FC,4 (0)
,Adam Lallana,England,Liverpool FC Liverpool FC,4 (0)
,Jesse Lingard,England,Manchester United Manchester United,4 (0)
,Kevin Mirallas,Belgium,Everton FC Everton FC,4 (0)
,Steven Naismith,Scotland,Everton FC Everton FC,4 (0)
,,,Norwich City Norwich City,
,Matt Ritchie,Scotland,AFC Bournemouth AFC Bournemouth,4 (0)
,Heung-min Son,South Korea,Tottenham Hotspur Tottenham Hotspur,4 (0)
,Andros Townsend,England,Newcastle United Newcastle United,4 (0)
,,,Tottenham Hotspur Tottenham Hotspur,
,Enner Valencia,Ecuador,West Ham United West Ham United,4 (0)
,Danny Welbeck,England,Arsenal FC Arsenal FC,4 (0)
96,Ander Herrera,Spain,Manchester United Manchester United,3 (1)
,Robbie Brady,Ireland,Norwich City Norwich City,3 (0)
,Joel Campbell,Costa Rica,Arsenal FC Arsenal FC,3 (0)
,Nacer Chadli,Belgium,Tottenham Hotspur Tottenham Hotspur,3 (0)
,Papiss Demba Cissé,Senegal,Newcastle United Newcastle United,3 (0)
,Charlie Daniels,England,AFC Bournemouth AFC Bournemouth,3 (2)
,Mousa Dembélé,Belgium,Tottenham Hotspur Tottenham Hotspur,3 (0)
,Eric Dier,England,Tottenham Hotspur Tottenham Hotspur,3 (0)
,Danny Drinkwater,England,Leicester City Leicester City,3 (0)
,Craig Gardner,England,West Bromwich Albion West Bromwich Albion,3 (0)
,Dwight Gayle,England,Crystal Palace Crystal Palace,3 (0)
,Dan Gosling,England,AFC Bournemouth AFC Bournemouth,3 (0)
,Jonny Howson,England,Norwich City Norwich City,3 (0)
,Robert Huth,Germany,Leicester City Leicester City,3 (0)
,Cameron Jerome,England,Norwich City Norwich City,3 (0)
,Aleksandar Kolarov,Serbia,Manchester City Manchester City,3 (0)
,Jeremain Lens,Netherlands,Sunderland AFC Sunderland AFC,3 (0)
,Joleon Lescott,England,Aston Villa Aston Villa,3 (0)
,,,West Bromwich Albion West Bromwich Albion,
,Russell Martin,Scotland,Norwich City Norwich City,3 (0)
,James Morrison,Scotland,West Bromwich Albion West Bromwich Albion,3 (0)
,Glenn Murray,England,AFC Bournemouth AFC Bournemouth,3 (0)
,,,Crystal Palace Crystal Palace,
,Oscar,Brazil,Chelsea FC Chelsea FC,3 (1)
,Marc Pugh,England,AFC Bournemouth AFC Bournemouth,3 (0)
,Xherdan Shaqiri,Switzerland,Stoke City Stoke City,3 (0)
,Junior Stanislas,England,AFC Bournemouth AFC Bournemouth,3 (0)
,Virgil van Dijk,Netherlands,Southampton FC Southampton FC,3 (0)
,Duncan Watmore,England,Sunderland AFC Sunderland AFC,3 (0)
,Mauro Zárate,Argentina,West Ham United West Ham United,3 (0)
124,Almen Abdi,Switzerland,Watford FC Watford FC,2 (0)
,Ibrahim Afellay,Netherlands,Stoke City Stoke City,2 (0)
,Marc Albrighton,England,Leicester City Leicester City,2 (0)
,Joe Allen,Wales,Liverpool FC Liverpool FC,2 (0)
,Azpilicueta,Spain,Chelsea FC Chelsea FC,2 (0)
,Leighton Baines,England,Everton FC Everton FC,2 (1)
,Gary Cahill,England,Chelsea FC Chelsea FC,2 (0)
,Carles Gil,Spain,Aston Villa Aston Villa,2 (0)
,Tom Cleverley,England,Everton FC Everton FC,2 (0)
,Aaron Cresswell,England,West Ham United West Ham United,2 (0)
,David Silva,Spain,Manchester City Manchester City,2 (0)
,Damien Delaney,Ireland,Crystal Palace Crystal Palace,2 (0)
,Fabian Delph,England,Manchester City Manchester City,2 (0)
,Memphis Depay,Netherlands,Manchester United Manchester United,2 (0)
,Fernandinho,Brazil,Manchester City Manchester City,2 (0)
,Fernando,Brazil,Manchester City Manchester City,2 (0)
,Gerard Deulofeu,Spain,Everton FC Everton FC,2 (0)
,Jordan Henderson,England,Liverpool FC Liverpool FC,2 (0)
,Giannelli Imbula,France,Stoke City Stoke City,2 (0)
,Danny Ings,England,Liverpool FC Liverpool FC,2 (0)
,Branislav Ivanović,Serbia,Chelsea FC Chelsea FC,2 (0)
,Alex Iwobi,Nigeria,Arsenal FC Arsenal FC,2 (0)
,Daryl Janmaat,Netherlands,Newcastle United Newcastle United,2 (0)
,Carl Jenkinson,England,West Ham United West Ham United,2 (0)
,Adam Johnson,England,Sunderland AFC Sunderland AFC,2 (1)
,José Fonte,Portugal,Southampton FC Southampton FC,2 (0)
,Wahbi Khazri,Tunisia,Sunderland AFC Sunderland AFC,2 (0)
,Sung-yueng Ki,South Korea,Swansea City Swansea City,2 (0)
,Andy King,Wales,Leicester City Leicester City,2 (0)
,Vincent Kompany,Belgium,Manchester City Manchester City,2 (0)
,Lamine Koné,Ivory Coast,Sunderland AFC Sunderland AFC,2 (0)
,Jamaal Lascelles,England,Newcastle United Newcastle United,2 (0)
,Nemanja Matić,Serbia,Chelsea FC Chelsea FC,2 (0)
,James McArthur,Scotland,Crystal Palace Crystal Palace,2 (0)
,James McCarthy,Ireland,Everton FC Everton FC,2 (0)
,James McClean,Ireland,West Bromwich Albion West Bromwich Albion,2 (0)
,Wes Morgan,Jamaica,Leicester City Leicester City,2 (0)
,Samir Nasri,France,Manchester City Manchester City,2 (0)
,Alberto Paloschi,Italy,Swansea City Swansea City,2 (0)
,Sebastian Prödl,Austria,Watford FC Watford FC,2 (0)
,Jason Puncheon,England,Crystal Palace Crystal Palace,2 (0)
,Ramires,Brazil,Chelsea FC Chelsea FC,2 (0)
,Wayne Routledge,England,Swansea City Swansea City,2 (0)
,Bakary Sako,Mali,Crystal Palace Crystal Palace,2 (0)
,Stéphane Sessègnon,Benin,West Bromwich Albion West Bromwich Albion,2 (0)
,Scott Sinclair,England,Aston Villa Aston Villa,2 (1)
,Adam Smith,England,AFC Bournemouth AFC Bournemouth,2 (0)
,Alexander Tettey,Norway,Norwich City Norwich City,2 (0)
,Bertrand Traoré,Burkina Faso,Chelsea FC Chelsea FC,2 (0)
,Joel Ward,England,Crystal Palace Crystal Palace,2 (0)
,James Ward-Prowse,England,Southampton FC Southampton FC,2 (1)
,Ashley Westwood,England,Aston Villa Aston Villa,2 (0)
,Ashley Williams,Wales,Swansea City Swansea City,2 (0)
,Wilfried Zaha,Ivory Coast,Crystal Palace Crystal Palace,2 (0)
178,Rolando Aarons,England,Newcastle United Newcastle United,1 (0)
,Charlie Adam,Scotland,Stoke City Stoke City,1 (0)
,Emmanuel Adebayor,Togo,Crystal Palace Crystal Palace,1 (0)
,Gabriel Agbonlahor,England,Aston Villa Aston Villa,1 (0)
,Nathan Aké,Netherlands,Watford FC Watford FC,1 (0)
,Alberto Moreno,Spain,Liverpool FC Liverpool FC,1 (0)
,Alexandre Pato,Brazil,Chelsea FC Chelsea FC,1 (1)
,Vurnon Anita,Netherlands,Newcastle United Newcastle United,1 (0)
,Harry Arter,Ireland,AFC Bournemouth AFC Bournemouth,1 (0)
,Charlie Austin,England,Southampton FC Southampton FC,1 (0)
,Leandro Bacuna,Curaçao,Aston Villa Aston Villa,1 (0)
,Modou Barrow,Gambia,Swansea City Swansea City,1 (0)
,Sébastien Bassong,Cameroon,Norwich City Norwich City,1 (0)
,Ryan Bertrand,England,Southampton FC Southampton FC,1 (1)
,Daley Blind,Netherlands,Manchester United Manchester United,1 (0)
,Emre Can,Germany,Liverpool FC Liverpool FC,1 (0)
,Tom Carroll,England,Tottenham Hotspur Tottenham Hotspur,1 (0)
,Craig Cathcart,Northern Ireland,Watford FC Watford FC,1 (0)
,José Cholevas,Greece,Watford FC Watford FC,1 (0)
,Ciaran Clark,Ireland,Aston Villa Aston Villa,1 (0)
,Nathaniel Clyne,England,Liverpool FC Liverpool FC,1 (0)
,Jack Colback,England,Newcastle United Newcastle United,1 (0)
,Séamus Coleman,Ireland,Everton FC Everton FC,1 (0)
,Fabricio Coloccini,Argentina,Newcastle United Newcastle United,1 (0)
,Jack Cork,England,Swansea City Swansea City,1 (0)
,Matteo Darmian,Italy,Manchester United Manchester United,1 (0)
,Ritchie De Laet,Belgium,Leicester City Leicester City,1 (0)
,Paul Dummett,Wales,Newcastle United Newcastle United,1 (0)
,Nathan Dyer,England,Leicester City Leicester City,1 (0)
,,,Swansea City Swansea City,
,Tommy Elphick,England,AFC Bournemouth AFC Bournemouth,1 (0)
,Jonny Evans,Northern Ireland,West Bromwich Albion West Bromwich Albion,1 (0)
,Radamel Falcao,Colombia,Chelsea FC Chelsea FC,1 (0)
,Marouane Fellaini,Belgium,Manchester United Manchester United,1 (0)
,Federico Fernández,Argentina,Swansea City Swansea City,1 (0)
,Darren Fletcher,Scotland,West Bromwich Albion West Bromwich Albion,1 (0)
,Gabriel Paulista,Brazil,Arsenal FC Arsenal FC,1 (0)
,Kieran Gibbs,England,Arsenal FC Arsenal FC,1 (0)
,Lewis Grabban,Jamaica,AFC Bournemouth AFC Bournemouth,1 (0)
,,,Norwich City Norwich City,
,Max Gradel,Ivory Coast,AFC Bournemouth AFC Bournemouth,1 (0)
,Jack Grealish,England,Aston Villa Aston Villa,1 (0)
,Héctor Bellerín,Spain,Arsenal FC Arsenal FC,1 (0)
,Jordon Ibe,England,Liverpool FC Liverpool FC,1 (0)
,Adnan Januzaj,Belgium,Manchester United Manchester United,1 (0)
,Matthew Jarvis,England,Norwich City Norwich City,1 (0)
,,,West Ham United West Ham United,
,Nikica Jelavić,Croatia,West Ham United West Ham United,1 (0)
,Billy Jones,England,Sunderland AFC Sunderland AFC,1 (0)
,N'Golo Kanté,France,Leicester City Leicester City,1 (0)
,Kenedy,Brazil,Chelsea FC Chelsea FC,1 (0)
,Timm Klose,Switzerland,Norwich City Norwich City,1 (0)
,Rickie Lambert,England,West Bromwich Albion West Bromwich Albion,1 (1)
,Miguel Layún,Mexico,Watford FC Watford FC,1 (0)
,Joe Ledley,Wales,Crystal Palace Crystal Palace,1 (0)
,Chung-yong Lee,South Korea,Crystal Palace Crystal Palace,1 (0)
,Ruben Loftus-Cheek,England,Chelsea FC Chelsea FC,1 (0)
,Yann M'Vila,France,Sunderland AFC Sunderland AFC,1 (0)
,Modibo Maïga,Mali,West Ham United West Ham United,1 (0)
,Cuco Martina,Curaçao,Southampton FC Southampton FC,1 (0)
,Ryan Mason,England,Tottenham Hotspur Tottenham Hotspur,1 (0)
,Gareth McAuley,Northern Ireland,West Bromwich Albion West Bromwich Albion,1 (0)
,Victor Moses,Nigeria,Chelsea FC Chelsea FC,1 (0)
,,,West Ham United West Ham United,
,Dame N'Doye,Senegal,Sunderland AFC Sunderland AFC,1 (0)
,Jonas Olsson,Sweden,West Bromwich Albion West Bromwich Albion,1 (0)
,Martin Olsson,Sweden,Norwich City Norwich City,1 (0)
,Oriol Romeu,Spain,Southampton FC Southampton FC,1 (0)
,Nicolás Otamendi,Argentina,Manchester City Manchester City,1 (0)
,Alex Oxlade-Chamberlain,England,Arsenal FC Arsenal FC,1 (0)
,Winston Reid,New Zealand,West Ham United West Ham United,1 (0)
,Loïc Rémy,France,Chelsea FC Chelsea FC,1 (0)
,Micah Richards,England,Aston Villa Aston Villa,1 (0)
,Jack Rodwell,England,Sunderland AFC Sunderland AFC,1 (0)
,Danny Rose,England,Tottenham Hotspur Tottenham Hotspur,1 (0)
,Mamadou Sakho,France,Liverpool FC Liverpool FC,1 (0)
,Jeffrey Schlupp,Ghana,Leicester City Leicester City,1 (0)
,Morgan Schneiderlin,France,Manchester United Manchester United,1 (0)
,Bastian Schweinsteiger,Germany,Manchester United Manchester United,1 (0)
,Jonjo Shelvey,England,Newcastle United Newcastle United,1 (1)
,,,Swansea City Swansea City,
,Moussa Sissoko,France,Newcastle United Newcastle United,1 (0)
,Martin Škrtel,Slovakia,Liverpool FC Liverpool FC,1 (0)
,John Terry,England,Chelsea FC Chelsea FC,1 (0)
,Kolo Touré,Ivory Coast,Liverpool FC Liverpool FC,1 (0)
,Kieran Trippier,England,Tottenham Hotspur Tottenham Hotspur,1 (0)
,Kyle Walker,England,Tottenham Hotspur Tottenham Hotspur,1 (0)
,Victor Wanyama,Kenya,Southampton FC Southampton FC,1 (0)
,Ben Watson,England,Watford FC Watford FC,1 (0)
,Steven Whittaker,Scotland,Norwich City Norwich City,1 (0)
,Maya Yoshida,Japan,Southampton FC Southampton FC,1 (0)
,Ashley Young,England,Manchester United Manchester United,1 (0)
,Kurt Zouma,France,Chelsea FC Chelsea FC,1 (0)
